population,statistic,chromosome,rank,epicenter,epicenter_seqid,epicenter_coord,focus_start,focus_start_seqid,focus_start_coord,focus_end,focus_end_seqid,focus_end_coord,peak_start,peak_start_seqid,peak_start_coord,peak_end,peak_end_seqid,peak_end_coord,delta_aic,delta_aic_left,delta_aic_right,min_flank_delta_aic,overlapping_genes
BFS,XPEHH,X,1,15140000,X,15140000,15060000,X,15060000,15220000,X,15220000,14664301,X,14664301,15623814,X,15623814,866.2739868164062,555.5632934570312,290.76129150390625,290.76129150390625,AGAP013424 AGAP012997
BFS,H12,X,1,15200000,X,15200000,15100000,X,15100000,15240000,X,15240000,14760001,X,14760001,15660000,X,15660000,815.3848266601562,488.1016845703125,358.6147766113281,358.6147766113281,AGAP012997
BFS,XPEHH,X,2,9220000,X,9220000,9200000,X,9200000,9240000,X,9240000,9093979,X,9093979,9368669,X,9368669,744.23291015625,471.06451416015625,345.05108642578125,345.05108642578125,AGAP000519
BFS,H12,X,2,9220000,X,9220000,9180000,X,9180000,9240000,X,9240000,9080001,X,9080001,9360000,X,9360000,563.69677734375,377.7425842285156,276.7305908203125,276.7305908203125,AGAP000519
BFS,H12,X,3,9700000,X,9700000,9660000,X,9660000,9760000,X,9760000,9460001,X,9460001,10020000,X,10020000,267.4947509765625,91.80987548828125,264.1707763671875,91.80987548828125,AGAP000540 AGAP000541 AGAP013055
BFS,XPEHH,X,3,9680000,X,9680000,9660000,X,9660000,9700000,X,9700000,9562766,X,9562766,9850492,X,9850492,97.69223022460938,39.81608581542969,124.36351013183594,39.81608581542969,AGAP000540 AGAP000541 AGAP013055
