population,statistic,chromosome,rank,epicenter_seqid,epicenter_start,epicenter_end,focus_start_seqid,focus_end_seqid,focus_start,focus_end,peak_start_seqid,peak_end_seqid,peak_start,peak_end,minor_delta_aic,sum_delta_aic,delta_aic_left,delta_aic_right,overlapping_genes
BFS,H12,X,1,X,15180001,15220000,X,X,15120001,15260000,X,X,14440001,16400000,342.42992643368575,836.8337732858272,494.40384685214144,342.42992643368575,AGAP012997 AGAP000818 AGAP000819
BFS,H12,X,2,X,9200001,9240000,X,X,9180001,9260000,X,X,8940001,9620000,181.7104152625186,394.68451701870777,212.97410175618916,181.7104152625186,AGAP000519
BFS,H12,X,3,X,9660001,9700000,X,X,9640001,9720000,X,X,9360001,10260000,24.430419863865836,334.6497754520933,24.430419863865836,310.2193555882275,AGAP000539 AGAP000540 AGAP000541 AGAP013055
