population,statistic,chromosome,rank,epicenter_arm,epicenter_start,epicenter_stop,focus_start_arm,focus_stop_arm,focus_start,focus_stop,peak_start_arm,peak_stop_arm,peak_start,peak_stop,minor_delta_aic,sum_delta_aic,overlapping_genes
BFS,H12,X,1,X,15180001,15220000,X,X,15120001,15260000,X,X,14440001,16440000,411.47613349507606,1073.5879292366087,AGAP012997 AGAP000818 AGAP000819
BFS,H12,X,2,X,9200001,9240000,X,X,9180001,9260000,X,X,8920001,9640000,226.82315201921529,504.0975961376789,AGAP000519
BFS,H12,X,3,X,9680001,9720000,X,X,9620001,9740000,X,X,9260001,10400000,51.28779871108577,291.6545606668235,AGAP000536 AGAP000537 AGAP000538 AGAP000539 AGAP000540 AGAP000541 AGAP013055
